{"config":{"cacheBuster":1542389078,"defaultPattern":"all","defaultShowPatternInfo":false,"patternExtension":"twig","ishMaximum":"2600","ishMinimum":"240","outputFileSuffixes":{"rendered":"","rawTemplate":"","markupOnly":".markup-only"},"patternStates":["inprogress","inreview","complete"]},"ishControls":{"ishControlsHide":{"hay":"true"}},"navItems":{"patternTypes":[{"patternTypeLC":"base","patternTypeUC":"Base","patternType":"00-base","patternTypeDash":"base","patternTypeItems":[{"patternSubtypeLC":"global","patternSubtypeUC":"Global","patternSubtype":"global","patternSubtypeDash":"global","patternSubtypeItems":[{"patternPath":"00-base-global-01-colors-colors\/00-base-global-01-colors-colors.html","patternSrcPath":"00-base\/global\/01-colors\/colors","patternName":"Colors","patternState":"","patternPartial":"base-colors"},{"patternPath":"00-base-global-animations-animations\/00-base-global-animations-animations.html","patternSrcPath":"00-base\/global\/animations\/animations","patternName":"Animations","patternState":"","patternPartial":"base-animations"},{"patternPath":"00-base-global\/index.html","patternName":"View All","patternType":"00-base","patternSubtype":"global","patternPartial":"viewall-base-global"}]},{"patternSubtypeLC":"layouts","patternSubtypeUC":"Layouts","patternSubtype":"layouts","patternSubtypeDash":"layouts","patternSubtypeItems":[{"patternPath":"00-base-layouts-grid-00-grid\/00-base-layouts-grid-00-grid.html","patternSrcPath":"00-base\/layouts\/grid\/00-grid","patternName":"Grid","patternState":"","patternPartial":"base-grid"},{"patternPath":"00-base-layouts-grid-01-grid-two\/00-base-layouts-grid-01-grid-two.html","patternSrcPath":"00-base\/layouts\/grid\/01-grid-two","patternName":"Grid Two","patternState":"","patternPartial":"base-grid-two"},{"patternPath":"00-base-layouts-grid-02-grid-three\/00-base-layouts-grid-02-grid-three.html","patternSrcPath":"00-base\/layouts\/grid\/02-grid-three","patternName":"Grid Three","patternState":"","patternPartial":"base-grid-three"},{"patternPath":"00-base-layouts-grid-03-grid-divider-2\/00-base-layouts-grid-03-grid-divider-2.html","patternSrcPath":"00-base\/layouts\/grid\/03-grid-divider-2","patternName":"Grid Divider 2","patternState":"","patternPartial":"base-grid-divider-2"},{"patternPath":"00-base-layouts-grid-04-grid-divider-3\/00-base-layouts-grid-04-grid-divider-3.html","patternSrcPath":"00-base\/layouts\/grid\/04-grid-divider-3","patternName":"Grid Divider 3","patternState":"","patternPartial":"base-grid-divider-3"},{"patternPath":"00-base-layouts\/index.html","patternName":"View All","patternType":"00-base","patternSubtype":"layouts","patternPartial":"viewall-base-layouts"}]}],"patternItems":[{"patternPath":"00-base\/index.html","patternName":"View All","patternType":"00-base","patternSubtype":"all","patternPartial":"viewall-base-all"}]},{"patternTypeLC":"atoms","patternTypeUC":"Atoms","patternType":"01-atoms","patternTypeDash":"atoms","patternTypeItems":[{"patternSubtypeLC":"text","patternSubtypeUC":"Text","patternSubtype":"02-text","patternSubtypeDash":"text","patternSubtypeItems":[{"patternPath":"01-atoms-00-text-01-paragraph\/01-atoms-00-text-01-paragraph.html","patternSrcPath":"01-atoms\/00-text\/01-paragraph","patternName":"Paragraph","patternState":"","patternPartial":"atoms-paragraph"},{"patternPath":"01-atoms-00-text-02-blockquote\/01-atoms-00-text-02-blockquote.html","patternSrcPath":"01-atoms\/00-text\/02-blockquote","patternName":"Blockquote","patternState":"","patternPartial":"atoms-blockquote"},{"patternPath":"01-atoms-00-text-03-inline-elements\/01-atoms-00-text-03-inline-elements.html","patternSrcPath":"01-atoms\/00-text\/03-inline-elements","patternName":"Inline Elements","patternState":"","patternPartial":"atoms-inline-elements"},{"patternPath":"01-atoms-00-text-05-preformatted-text\/01-atoms-00-text-05-preformatted-text.html","patternSrcPath":"01-atoms\/00-text\/05-preformatted-text","patternName":"Preformatted Text","patternState":"","patternPartial":"atoms-preformatted-text"},{"patternPath":"01-atoms-00-text-06-hr\/01-atoms-00-text-06-hr.html","patternSrcPath":"01-atoms\/00-text\/06-hr","patternName":"Hr","patternState":"","patternPartial":"atoms-hr"},{"patternPath":"01-atoms-02-text\/index.html","patternName":"View All","patternType":"01-atoms","patternSubtype":"02-text","patternPartial":"viewall-atoms-text"}]},{"patternSubtypeLC":"links","patternSubtypeUC":"Links","patternSubtype":"01-links","patternSubtypeDash":"links","patternSubtypeItems":[{"patternPath":"01-atoms-01-links-link-link\/01-atoms-01-links-link-link.html","patternSrcPath":"01-atoms\/01-links\/link\/link","patternName":"Link","patternState":"","patternPartial":"atoms-link"},{"patternPath":"01-atoms-02-text-01-headings-headings\/01-atoms-02-text-01-headings-headings.html","patternSrcPath":"01-atoms\/02-text\/01-headings\/headings","patternName":"Headings","patternState":"","patternPartial":"atoms-headings"},{"patternPath":"01-atoms-headings-heading-xl-link\/01-atoms-headings-heading-xl-link.html","patternSrcPath":"01-atoms\/headings\/heading-xl-link","patternName":"Heading Xl Link","patternState":"","patternPartial":"atoms-heading-xl-link"},{"patternPath":"01-atoms-01-links\/index.html","patternName":"View All","patternType":"01-atoms","patternSubtype":"01-links","patternPartial":"viewall-atoms-links"}]},{"patternSubtypeLC":"images","patternSubtypeUC":"Images","patternSubtype":"04-images","patternSubtypeDash":"images","patternSubtypeItems":[{"patternPath":"01-atoms-04-images-00-image-responsive-image\/01-atoms-04-images-00-image-responsive-image.html","patternSrcPath":"01-atoms\/04-images\/00-image\/responsive-image","patternName":"Image (responsive Support)","patternState":"","patternPartial":"atoms-responsive-image"},{"patternPath":"01-atoms-04-images-00-image-figure\/01-atoms-04-images-00-image-figure.html","patternSrcPath":"01-atoms\/04-images\/00-image\/figure","patternName":"Figure","patternState":"","patternPartial":"atoms-figure"},{"patternPath":"01-atoms-04-images-00-image-image-logo\/01-atoms-04-images-00-image-image-logo.html","patternSrcPath":"01-atoms\/04-images\/00-image\/image-logo","patternName":"Image Logo","patternState":"","patternPartial":"atoms-image-logo"},{"patternPath":"01-atoms-04-images-favicon\/01-atoms-04-images-favicon.html","patternSrcPath":"01-atoms\/04-images\/favicon","patternName":"Favicon","patternState":"","patternPartial":"atoms-favicon"},{"patternPath":"01-atoms-04-images-icons-icons\/01-atoms-04-images-icons-icons.html","patternSrcPath":"01-atoms\/04-images\/icons\/icons","patternName":"Icons","patternState":"","patternPartial":"atoms-icons"},{"patternPath":"01-atoms-04-images\/index.html","patternName":"View All","patternType":"01-atoms","patternSubtype":"04-images","patternPartial":"viewall-atoms-images"}]},{"patternSubtypeLC":"forms","patternSubtypeUC":"Forms","patternSubtype":"05-forms","patternSubtypeDash":"forms","patternSubtypeItems":[{"patternPath":"01-atoms-05-forms-checkbox-checkbox\/01-atoms-05-forms-checkbox-checkbox.html","patternSrcPath":"01-atoms\/05-forms\/checkbox\/checkbox","patternName":"Checkbox","patternState":"","patternPartial":"atoms-checkbox"},{"patternPath":"01-atoms-05-forms-radio-radio\/01-atoms-05-forms-radio-radio.html","patternSrcPath":"01-atoms\/05-forms\/radio\/radio","patternName":"Radio","patternState":"","patternPartial":"atoms-radio"},{"patternPath":"01-atoms-05-forms-select-select\/01-atoms-05-forms-select-select.html","patternSrcPath":"01-atoms\/05-forms\/select\/select","patternName":"Select","patternState":"","patternPartial":"atoms-select"},{"patternPath":"01-atoms-05-forms-textfields-textfields\/01-atoms-05-forms-textfields-textfields.html","patternSrcPath":"01-atoms\/05-forms\/textfields\/textfields","patternName":"Textfields","patternState":"","patternPartial":"atoms-textfields"},{"patternPath":"01-atoms-05-forms\/index.html","patternName":"View All","patternType":"01-atoms","patternSubtype":"05-forms","patternPartial":"viewall-atoms-forms"}]},{"patternSubtypeLC":"buttons","patternSubtypeUC":"Buttons","patternSubtype":"06-buttons","patternSubtypeDash":"buttons","patternSubtypeItems":[{"patternPath":"01-atoms-06-buttons-01-button\/01-atoms-06-buttons-01-button.html","patternSrcPath":"01-atoms\/06-buttons\/01-button","patternName":"Button Styling","patternState":"","patternPartial":"atoms-button"},{"patternPath":"01-atoms-06-buttons-01-button-alt\/01-atoms-06-buttons-01-button-alt.html","patternSrcPath":"01-atoms\/06-buttons\/01-button-alt","patternName":"Button Alt","patternState":"","patternPartial":"atoms-button-alt"},{"patternPath":"01-atoms-06-buttons-02-button-alt-2\/01-atoms-06-buttons-02-button-alt-2.html","patternSrcPath":"01-atoms\/06-buttons\/02-button-alt-2","patternName":"Button Alt 2","patternState":"","patternPartial":"atoms-button-alt-2"},{"patternPath":"01-atoms-06-buttons\/index.html","patternName":"View All","patternType":"01-atoms","patternSubtype":"06-buttons","patternPartial":"viewall-atoms-buttons"}]},{"patternSubtypeLC":"tables","patternSubtypeUC":"Tables","patternSubtype":"07-tables","patternSubtypeDash":"tables","patternSubtypeItems":[{"patternPath":"01-atoms-07-tables-tables\/01-atoms-07-tables-tables.html","patternSrcPath":"01-atoms\/07-tables\/tables","patternName":"Tables","patternState":"","patternPartial":"atoms-tables"},{"patternPath":"01-atoms-07-tables\/index.html","patternName":"View All","patternType":"01-atoms","patternSubtype":"07-tables","patternPartial":"viewall-atoms-tables"}]},{"patternSubtypeLC":"video","patternSubtypeUC":"Video","patternSubtype":"08-video","patternSubtypeDash":"video","patternSubtypeItems":[{"patternPath":"01-atoms-08-video-video\/01-atoms-08-video-video.html","patternSrcPath":"01-atoms\/08-video\/video","patternName":"Video","patternState":"","patternPartial":"atoms-video"},{"patternPath":"01-atoms-08-video-video-full\/01-atoms-08-video-video-full.html","patternSrcPath":"01-atoms\/08-video\/video-full","patternName":"Video Full","patternState":"","patternPartial":"atoms-video-full"},{"patternPath":"01-atoms-08-video\/index.html","patternName":"View All","patternType":"01-atoms","patternSubtype":"08-video","patternPartial":"viewall-atoms-video"}]},{"patternSubtypeLC":"menu","patternSubtypeUC":"Menu","patternSubtype":"09-menu","patternSubtypeDash":"menu","patternSubtypeItems":[{"patternPath":"01-atoms-09-menu-tab-tab\/01-atoms-09-menu-tab-tab.html","patternSrcPath":"01-atoms\/09-menu\/tab\/tab","patternName":"Tab","patternState":"","patternPartial":"atoms-tab"},{"patternPath":"01-atoms-09-menu\/index.html","patternName":"View All","patternType":"01-atoms","patternSubtype":"09-menu","patternPartial":"viewall-atoms-menu"}]},{"patternSubtypeLC":"lists","patternSubtypeUC":"Lists","patternSubtype":"lists","patternSubtypeDash":"lists","patternSubtypeItems":[{"patternPath":"01-atoms-lists-dl\/01-atoms-lists-dl.html","patternSrcPath":"01-atoms\/lists\/dl","patternName":"Dl","patternState":"","patternPartial":"atoms-dl"},{"patternPath":"01-atoms-lists-ol\/01-atoms-lists-ol.html","patternSrcPath":"01-atoms\/lists\/ol","patternName":"Ol","patternState":"","patternPartial":"atoms-ol"},{"patternPath":"01-atoms-lists-ul\/01-atoms-lists-ul.html","patternSrcPath":"01-atoms\/lists\/ul","patternName":"Ul","patternState":"","patternPartial":"atoms-ul"},{"patternPath":"01-atoms-lists\/index.html","patternName":"View All","patternType":"01-atoms","patternSubtype":"lists","patternPartial":"viewall-atoms-lists"}]}],"patternItems":[{"patternPath":"01-atoms\/index.html","patternName":"View All","patternType":"01-atoms","patternSubtype":"all","patternPartial":"viewall-atoms-all"}]},{"patternTypeLC":"molecules","patternTypeUC":"Molecules","patternType":"02-molecules","patternTypeDash":"molecules","patternTypeItems":[{"patternSubtypeLC":"accordion item","patternSubtypeUC":"Accordion Item","patternSubtype":"accordion-item","patternSubtypeDash":"accordion-item","patternSubtypeItems":[{"patternPath":"02-molecules-accordion-item-accordion-item\/02-molecules-accordion-item-accordion-item.html","patternSrcPath":"02-molecules\/accordion-item\/accordion-item","patternName":"Accordion Item","patternState":"","patternPartial":"molecules-accordion-item"},{"patternPath":"02-molecules-accordion-item\/index.html","patternName":"View All","patternType":"02-molecules","patternSubtype":"accordion-item","patternPartial":"viewall-molecules-accordion-item"}]},{"patternSubtypeLC":"card","patternSubtypeUC":"Card","patternSubtype":"card","patternSubtypeDash":"card","patternSubtypeItems":[{"patternPath":"02-molecules-card-01-card\/02-molecules-card-01-card.html","patternSrcPath":"02-molecules\/card\/01-card","patternName":"Card Default Variation","patternState":"","patternPartial":"molecules-card"},{"patternPath":"02-molecules-content-card-card-bg\/02-molecules-content-card-card-bg.html","patternSrcPath":"02-molecules\/content\/card\/card-bg","patternName":"Card With Background","patternState":"","patternPartial":"molecules-card-bg"},{"patternPath":"02-molecules-card-card-article\/02-molecules-card-card-article.html","patternSrcPath":"02-molecules\/card\/card-article","patternName":"Card Article","patternState":"","patternPartial":"molecules-card-article"},{"patternPath":"02-molecules-card-card-major-minor\/02-molecules-card-card-major-minor.html","patternSrcPath":"02-molecules\/card\/card-major-minor","patternName":"Card Major Minor","patternState":"","patternPartial":"molecules-card-major-minor"},{"patternPath":"02-molecules-card\/index.html","patternName":"View All","patternType":"02-molecules","patternSubtype":"card","patternPartial":"viewall-molecules-card"}]},{"patternSubtypeLC":"content","patternSubtypeUC":"Content","patternSubtype":"content","patternSubtypeDash":"content","patternSubtypeItems":[{"patternPath":"02-molecules-content-info-box-info-box\/02-molecules-content-info-box-info-box.html","patternSrcPath":"02-molecules\/content\/info-box\/info-box","patternName":"Info Box","patternState":"","patternPartial":"molecules-info-box"},{"patternPath":"02-molecules-content-pager-pager\/02-molecules-content-pager-pager.html","patternSrcPath":"02-molecules\/content\/pager\/pager","patternName":"Pager","patternState":"","patternPartial":"molecules-pager"},{"patternPath":"02-molecules-content-status-status\/02-molecules-content-status-status.html","patternSrcPath":"02-molecules\/content\/status\/status","patternName":"Status","patternState":"","patternPartial":"molecules-status"},{"patternPath":"02-molecules-content\/index.html","patternName":"View All","patternType":"02-molecules","patternSubtype":"content","patternPartial":"viewall-molecules-content"}]},{"patternSubtypeLC":"menus","patternSubtypeUC":"Menus","patternSubtype":"menus","patternSubtypeDash":"menus","patternSubtypeItems":[{"patternPath":"02-molecules-menus-breadcrumbs-breadcrumbs\/02-molecules-menus-breadcrumbs-breadcrumbs.html","patternSrcPath":"02-molecules\/menus\/breadcrumbs\/breadcrumbs","patternName":"Breadcrumbs","patternState":"","patternPartial":"molecules-breadcrumbs"},{"patternPath":"02-molecules-menus-inline-menu-inline-menu\/02-molecules-menus-inline-menu-inline-menu.html","patternSrcPath":"02-molecules\/menus\/inline-menu\/inline-menu","patternName":"Inline Menu","patternState":"","patternPartial":"molecules-inline-menu"},{"patternPath":"02-molecules-menus-main-menu-main-menu\/02-molecules-menus-main-menu-main-menu.html","patternSrcPath":"02-molecules\/menus\/main-menu\/main-menu","patternName":"Main Menu","patternState":"","patternPartial":"molecules-main-menu"},{"patternPath":"02-molecules-menus-tabs-tabs\/02-molecules-menus-tabs-tabs.html","patternSrcPath":"02-molecules\/menus\/tabs\/tabs","patternName":"Tabs","patternState":"","patternPartial":"molecules-tabs"},{"patternPath":"02-molecules-menus\/index.html","patternName":"View All","patternType":"02-molecules","patternSubtype":"menus","patternPartial":"viewall-molecules-menus"}]},{"patternSubtypeLC":"photo text","patternSubtypeUC":"Photo Text","patternSubtype":"photo-text","patternSubtypeDash":"photo-text","patternSubtypeItems":[{"patternPath":"02-molecules-photo-text-photo-text\/02-molecules-photo-text-photo-text.html","patternSrcPath":"02-molecules\/photo-text\/photo-text","patternName":"Photo Text","patternState":"","patternPartial":"molecules-photo-text"},{"patternPath":"02-molecules-photo-text\/index.html","patternName":"View All","patternType":"02-molecules","patternSubtype":"photo-text","patternPartial":"viewall-molecules-photo-text"}]}],"patternItems":[{"patternPath":"02-molecules\/index.html","patternName":"View All","patternType":"02-molecules","patternSubtype":"all","patternPartial":"viewall-molecules-all"}]},{"patternTypeLC":"organisms","patternTypeUC":"Organisms","patternType":"03-organisms","patternTypeDash":"organisms","patternTypeItems":[{"patternSubtypeLC":"accordion","patternSubtypeUC":"Accordion","patternSubtype":"accordion","patternSubtypeDash":"accordion","patternSubtypeItems":[{"patternPath":"03-organisms-accordion-accordion\/03-organisms-accordion-accordion.html","patternSrcPath":"03-organisms\/accordion\/accordion","patternName":"Accordion","patternState":"","patternPartial":"organisms-accordion"},{"patternPath":"03-organisms-accordion\/index.html","patternName":"View All","patternType":"03-organisms","patternSubtype":"accordion","patternPartial":"viewall-organisms-accordion"}]},{"patternSubtypeLC":"card grid","patternSubtypeUC":"Card Grid","patternSubtype":"card-grid","patternSubtypeDash":"card-grid","patternSubtypeItems":[{"patternPath":"03-organisms-card-grid-card-grid-articles\/03-organisms-card-grid-card-grid-articles.html","patternSrcPath":"03-organisms\/card-grid\/card-grid-articles","patternName":"Card Grid Articles","patternState":"","patternPartial":"organisms-card-grid-articles"},{"patternPath":"03-organisms-card-grid-card-grid-majors\/03-organisms-card-grid-card-grid-majors.html","patternSrcPath":"03-organisms\/card-grid\/card-grid-majors","patternName":"Card Grid Majors","patternState":"","patternPartial":"organisms-card-grid-majors"},{"patternPath":"03-organisms-card-grid-card-grid\/03-organisms-card-grid-card-grid.html","patternSrcPath":"03-organisms\/card-grid\/card-grid","patternName":"Card Grid","patternState":"","patternPartial":"organisms-card-grid"},{"patternPath":"03-organisms-card-grid-card-grid-alt\/03-organisms-card-grid-card-grid-alt.html","patternSrcPath":"03-organisms\/card-grid\/card-grid-alt","patternName":"Card Grid Alt","patternState":"","patternPartial":"organisms-card-grid-alt"},{"patternPath":"03-organisms-card-grid\/index.html","patternName":"View All","patternType":"03-organisms","patternSubtype":"card-grid","patternPartial":"viewall-organisms-card-grid"}]},{"patternSubtypeLC":"info box grid","patternSubtypeUC":"Info Box Grid","patternSubtype":"info-box-grid","patternSubtypeDash":"info-box-grid","patternSubtypeItems":[{"patternPath":"03-organisms-info-box-grid-info-box-grid\/03-organisms-info-box-grid-info-box-grid.html","patternSrcPath":"03-organisms\/info-box-grid\/info-box-grid","patternName":"Info Box Grid","patternState":"","patternPartial":"organisms-info-box-grid"},{"patternPath":"03-organisms-info-box-grid\/index.html","patternName":"View All","patternType":"03-organisms","patternSubtype":"info-box-grid","patternPartial":"viewall-organisms-info-box-grid"}]},{"patternSubtypeLC":"photo text","patternSubtypeUC":"Photo Text","patternSubtype":"photo-text","patternSubtypeDash":"photo-text","patternSubtypeItems":[{"patternPath":"03-organisms-photo-text-photo-text-slider\/03-organisms-photo-text-photo-text-slider.html","patternSrcPath":"03-organisms\/photo-text\/photo-text-slider","patternName":"Photo Text Slider","patternState":"","patternPartial":"organisms-photo-text-slider"},{"patternPath":"03-organisms-photo-text\/index.html","patternName":"View All","patternType":"03-organisms","patternSubtype":"photo-text","patternPartial":"viewall-organisms-photo-text"}]},{"patternSubtypeLC":"site","patternSubtypeUC":"Site","patternSubtype":"site","patternSubtypeDash":"site","patternSubtypeItems":[{"patternPath":"03-organisms-site-site-footer-site-footer\/03-organisms-site-site-footer-site-footer.html","patternSrcPath":"03-organisms\/site\/site-footer\/site-footer","patternName":"Site Footer","patternState":"","patternPartial":"organisms-site-footer"},{"patternPath":"03-organisms-site-site-header-site-header\/03-organisms-site-site-header-site-header.html","patternSrcPath":"03-organisms\/site\/site-header\/site-header","patternName":"Site Header","patternState":"","patternPartial":"organisms-site-header"},{"patternPath":"03-organisms-site\/index.html","patternName":"View All","patternType":"03-organisms","patternSubtype":"site","patternPartial":"viewall-organisms-site"}]}],"patternItems":[{"patternPath":"03-organisms\/index.html","patternName":"View All","patternType":"03-organisms","patternSubtype":"all","patternPartial":"viewall-organisms-all"}]},{"patternTypeLC":"templates","patternTypeUC":"Templates","patternType":"04-templates","patternTypeDash":"templates","patternTypeItems":[],"patternItems":[{"patternPath":"04-templates-full-width\/04-templates-full-width.html","patternSrcPath":"04-templates\/full-width","patternName":"Full Width","patternState":"","patternPartial":"templates-full-width"},{"patternPath":"04-templates-with-sidebar\/04-templates-with-sidebar.html","patternSrcPath":"04-templates\/with-sidebar","patternName":"With Sidebar","patternState":"","patternPartial":"templates-with-sidebar"}]},{"patternTypeLC":"pages","patternTypeUC":"Pages","patternType":"05-pages","patternTypeDash":"pages","patternTypeItems":[{"patternSubtypeLC":"article","patternSubtypeUC":"Article","patternSubtype":"article","patternSubtypeDash":"article","patternSubtypeItems":[{"patternPath":"05-pages-article-article-demo\/05-pages-article-article-demo.html","patternSrcPath":"05-pages\/article\/article-demo","patternName":"Article Demo","patternState":"","patternPartial":"pages-article-demo"},{"patternPath":"05-pages-article\/index.html","patternName":"View All","patternType":"05-pages","patternSubtype":"article","patternPartial":"viewall-pages-article"}]},{"patternSubtypeLC":"home","patternSubtypeUC":"Home","patternSubtype":"home","patternSubtypeDash":"home","patternSubtypeItems":[{"patternPath":"05-pages-home-home\/05-pages-home-home.html","patternSrcPath":"05-pages\/home\/home","patternName":"Home","patternState":"","patternPartial":"pages-home"},{"patternPath":"05-pages-home\/index.html","patternName":"View All","patternType":"05-pages","patternSubtype":"home","patternPartial":"viewall-pages-home"}]}],"patternItems":[{"patternPath":"05-pages\/index.html","patternName":"View All","patternType":"05-pages","patternSubtype":"all","patternPartial":"viewall-pages-all"}]}]},"patternPaths":{"base":{"colors":"00-base-global-01-colors-colors","animations":"00-base-global-animations-animations","grid":"00-base-layouts-grid-00-grid","grid-two":"00-base-layouts-grid-01-grid-two","grid-three":"00-base-layouts-grid-02-grid-three","grid-divider-2":"00-base-layouts-grid-03-grid-divider-2","grid-divider-3":"00-base-layouts-grid-04-grid-divider-3"},"atoms":{"paragraph":"01-atoms-00-text-01-paragraph","blockquote":"01-atoms-00-text-02-blockquote","inline-elements":"01-atoms-00-text-03-inline-elements","preformatted-text":"01-atoms-00-text-05-preformatted-text","hr":"01-atoms-00-text-06-hr","link":"01-atoms-01-links-link-link","headings":"01-atoms-02-text-01-headings-headings","heading-xl-link":"01-atoms-headings-heading-xl-link","responsive-image":"01-atoms-04-images-00-image-responsive-image","figure":"01-atoms-04-images-00-image-figure","image-logo":"01-atoms-04-images-00-image-image-logo","favicon":"01-atoms-04-images-favicon","icons":"01-atoms-04-images-icons-icons","checkbox":"01-atoms-05-forms-checkbox-checkbox","radio":"01-atoms-05-forms-radio-radio","select":"01-atoms-05-forms-select-select","textfields":"01-atoms-05-forms-textfields-textfields","button":"01-atoms-06-buttons-01-button","button-alt":"01-atoms-06-buttons-01-button-alt","button-alt-2":"01-atoms-06-buttons-02-button-alt-2","tables":"01-atoms-07-tables-tables","video":"01-atoms-08-video-video","video-full":"01-atoms-08-video-video-full","tab":"01-atoms-09-menu-tab-tab","dl":"01-atoms-lists-dl","ol":"01-atoms-lists-ol","ul":"01-atoms-lists-ul"},"molecules":{"accordion-item":"02-molecules-accordion-item-accordion-item","card":"02-molecules-card-01-card","card-bg":"02-molecules-content-card-card-bg","card-article":"02-molecules-card-card-article","card-major-minor":"02-molecules-card-card-major-minor","info-box":"02-molecules-content-info-box-info-box","pager":"02-molecules-content-pager-pager","status":"02-molecules-content-status-status","breadcrumbs":"02-molecules-menus-breadcrumbs-breadcrumbs","inline-menu":"02-molecules-menus-inline-menu-inline-menu","main-menu":"02-molecules-menus-main-menu-main-menu","tabs":"02-molecules-menus-tabs-tabs","photo-text":"02-molecules-photo-text-photo-text"},"organisms":{"accordion":"03-organisms-accordion-accordion","card-grid-articles":"03-organisms-card-grid-card-grid-articles","card-grid-majors":"03-organisms-card-grid-card-grid-majors","card-grid":"03-organisms-card-grid-card-grid","card-grid-alt":"03-organisms-card-grid-card-grid-alt","info-box-grid":"03-organisms-info-box-grid-info-box-grid","photo-text-slider":"03-organisms-photo-text-photo-text-slider","site-footer":"03-organisms-site-site-footer-site-footer","site-header":"03-organisms-site-site-header-site-header"},"templates":{"full-width":"04-templates-full-width","with-sidebar":"04-templates-with-sidebar"},"pages":{"article-demo":"05-pages-article-article-demo","home":"05-pages-home-home"}},"viewAllPaths":{"base":{"global":"00-base-global","all":"00-base","layouts":"00-base-layouts"},"atoms":{"text":"01-atoms-02-text","all":"01-atoms","links":"01-atoms-01-links","images":"01-atoms-04-images","forms":"01-atoms-05-forms","buttons":"01-atoms-06-buttons","tables":"01-atoms-07-tables","video":"01-atoms-08-video","menu":"01-atoms-09-menu","lists":"01-atoms-lists"},"molecules":{"accordion-item":"02-molecules-accordion-item","all":"02-molecules","card":"02-molecules-card","content":"02-molecules-content","menus":"02-molecules-menus","photo-text":"02-molecules-photo-text"},"organisms":{"accordion":"03-organisms-accordion","all":"03-organisms","card-grid":"03-organisms-card-grid","info-box-grid":"03-organisms-info-box-grid","photo-text":"03-organisms-photo-text","site":"03-organisms-site"},"pages":{"article":"05-pages-article","all":"05-pages","home":"05-pages-home"}},"plugins":[]}